run_id,node_id,name,step,value,ts
75ff1d3217ee41fabd6b257b49bd0f3e,eval,eval_accuracy,1,0.9548,2026-08-04T15:40:33.094606Z
75ff1d3217ee41fabd6b257b49bd0f3e,train,lr,1,0.1,2026-08-04T15:18:34.420467Z
75ff1d3217ee41fabd6b257b49bd0f3e,train,lr,2,0.09999383162408304,2026-08-04T15:18:41.421434Z
75ff1d3217ee41fabd6b257b49bd0f3e,train,lr,3,0.09997532801828658,2026-08-04T15:18:48.456779Z
75ff1d3217ee41fabd6b257b49bd0f3e,train,lr,4,0.09994449374809851,2026-08-04T15:18:55.487852Z
75ff1d3217ee41fabd6b257b49bd0f3e,train,lr,5,0.09990133642141359,2026-08-04T15:19:02.522195Z
75ff1d3217ee41fabd6b257b49bd0f3e,train,lr,6,0.09984586668665642,2026-08-04T15:19:09.560648Z
75ff1d3217ee41fabd6b257b49bd0f3e,train,lr,7,0.09977809823015402,2026-08-04T15:19:16.547907Z
75ff1d3217ee41fabd6b257b49bd0f3e,train,lr,8,0.09969804777275901,2026-08-04T15:19:23.093864Z
75ff1d3217ee41fabd6b257b49bd0f3e,train,lr,9,0.09960573506572391,2026-08-04T15:19:30.112531Z
75ff1d3217ee41fabd6b257b49bd0f3e,train,lr,10,0.09950118288582789,2026-08-04T15:19:37.139723Z
75ff1d3217ee41fabd6b257b49bd0f3e,train,lr,11,0.09938441702975691,2026-08-04T15:19:43.647858Z
75ff1d3217ee41fabd6b257b49bd0f3e,train,lr,12,0.09925546630773871,2026-08-04T15:19:50.187954Z
75ff1d3217ee41fabd6b257b49bd0f3e,train,lr,13,0.09911436253643445,2026-08-04T15:19:57.198133Z
75ff1d3217ee41fabd6b257b49bd0f3e,train,lr,14,0.0989611405310883,2026-08-04T15:20:03.209085Z
75ff1d3217ee41fabd6b257b49bd0f3e,train,lr,15,0.09879583809693739,2026-08-04T15:20:09.757989Z
75ff1d3217ee41fabd6b257b49bd0f3e,train,lr,16,0.09861849601988384,2026-08-04T15:20:16.274135Z
75ff1d3217ee41fabd6b257b49bd0f3e,train,lr,17,0.09842915805643157,2026-08-04T15:20:22.276723Z
75ff1d3217ee41fabd6b257b49bd0f3e,train,lr,18,0.09822787092288993,2026-08-04T15:20:29.272151Z
75ff1d3217ee41fabd6b257b49bd0f3e,train,lr,19,0.09801468428384717,2026-08-04T15:20:35.285312Z
75ff1d3217ee41fabd6b257b49bd0f3e,train,lr,20,0.09778965073991652,2026-08-04T15:20:41.799602Z
75ff1d3217ee41fabd6b257b49bd0f3e,train,lr,21,0.0975528258147577,2026-08-04T15:20:48.830311Z
75ff1d3217ee41fabd6b257b49bd0f3e,train,lr,22,0.09730426794137728,2026-08-04T15:20:55.834338Z
75ff1d3217ee41fabd6b257b49bd0f3e,train,lr,23,0.09704403844771128,2026-08-04T15:21:02.368659Z
75ff1d3217ee41fabd6b257b49bd0f3e,train,lr,24,0.09677220154149338,2026-08-04T15:21:09.469776Z
75ff1d3217ee41fabd6b257b49bd0f3e,train,lr,25,0.09648882429441258,2026-08-04T15:21:16.496762Z
75ff1d3217ee41fabd6b257b49bd0f3e,train,lr,26,0.09619397662556435,2026-08-04T15:21:23.014206Z
75ff1d3217ee41fabd6b257b49bd0f3e,train,lr,27,0.09588773128419906,2026-08-04T15:21:30.042656Z
75ff1d3217ee41fabd6b257b49bd0f3e,train,lr,28,0.09557016383177226,2026-08-04T15:21:37.067028Z
75ff1d3217ee41fabd6b257b49bd0f3e,train,lr,29,0.09524135262330098,2026-08-04T15:21:43.580504Z
75ff1d3217ee41fabd6b257b49bd0f3e,train,lr,30,0.09490137878803079,2026-08-04T15:21:50.606903Z
75ff1d3217ee41fabd6b257b49bd0f3e,train,lr,31,0.0945503262094184,2026-08-04T15:21:57.626999Z
75ff1d3217ee41fabd6b257b49bd0f3e,train,lr,32,0.0941882815044347,2026-08-04T15:22:04.136120Z
75ff1d3217ee41fabd6b257b49bd0f3e,train,lr,33,0.09381533400219319,2026-08-04T15:22:11.175367Z
75ff1d3217ee41fabd6b257b49bd0f3e,train,lr,34,0.09343157572190958,2026-08-04T15:22:18.175871Z
75ff1d3217ee41fabd6b257b49bd0f3e,train,lr,35,0.0930371013501972,2026-08-04T15:22:24.745253Z
75ff1d3217ee41fabd6b257b49bd0f3e,train,lr,36,0.09263200821770463,2026-08-04T15:22:31.742826Z
75ff1d3217ee41fabd6b257b49bd0f3e,train,lr,37,0.09221639627510078,2026-08-04T15:22:38.248744Z
75ff1d3217ee41fabd6b257b49bd0f3e,train,lr,38,0.09179036806841355,2026-08-04T15:22:45.286896Z
75ff1d3217ee41fabd6b257b49bd0f3e,train,lr,39,0.09135402871372812,2026-08-04T15:22:52.319554Z
75ff1d3217ee41fabd6b257b49bd0f3e,train,lr,40,0.0909074858712512,2026-08-04T15:22:58.865973Z
75ff1d3217ee41fabd6b257b49bd0f3e,train,lr,41,0.09045084971874741,2026-08-04T15:23:06.358874Z
75ff1d3217ee41fabd6b257b49bd0f3e,train,lr,42,0.08998423292435458,2026-08-04T15:23:12.879057Z
75ff1d3217ee41fabd6b257b49bd0f3e,train,lr,43,0.08950775061878456,2026-08-04T15:23:19.907418Z
75ff1d3217ee41fabd6b257b49bd0f3e,train,lr,44,0.08902152036691652,2026-08-04T15:23:26.426768Z
75ff1d3217ee41fabd6b257b49bd0f3e,train,lr,45,0.0885256621387895,2026-08-04T15:23:33.460796Z
75ff1d3217ee41fabd6b257b49bd0f3e,train,lr,46,0.08802029828000159,2026-08-04T15:23:40.024468Z
75ff1d3217ee41fabd6b257b49bd0f3e,train,lr,47,0.08750555348152302,2026-08-04T15:23:46.549133Z
75ff1d3217ee41fabd6b257b49bd0f3e,train,lr,48,0.0869815547489305,2026-08-04T15:23:53.052696Z
75ff1d3217ee41fabd6b257b49bd0f3e,train,lr,49,0.0864484313710706,2026-08-04T15:23:59.058620Z
75ff1d3217ee41fabd6b257b49bd0f3e,train,lr,50,0.08590631488815947,2026-08-04T15:24:05.557097Z
75ff1d3217ee41fabd6b257b49bd0f3e,train,lr,51,0.08535533905932739,2026-08-04T15:24:11.559150Z
75ff1d3217ee41fabd6b257b49bd0f3e,train,lr,52,0.08479563982961573,2026-08-04T15:24:18.049806Z
75ff1d3217ee41fabd6b257b49bd0f3e,train,lr,53,0.08422735529643445,2026-08-04T15:24:24.064173Z
75ff1d3217ee41fabd6b257b49bd0f3e,train,lr,54,0.08365062567548867,2026-08-04T15:24:30.564077Z
75ff1d3217ee41fabd6b257b49bd0f3e,train,lr,55,0.0830655932661826,2026-08-04T15:24:37.070385Z
75ff1d3217ee41fabd6b257b49bd0f3e,train,lr,56,0.08247240241650919,2026-08-04T15:24:43.070405Z
75ff1d3217ee41fabd6b257b49bd0f3e,train,lr,57,0.08187119948743449,2026-08-04T15:24:49.577036Z
75ff1d3217ee41fabd6b257b49bd0f3e,train,lr,58,0.08126213281678525,2026-08-04T15:24:56.070534Z
75ff1d3217ee41fabd6b257b49bd0f3e,train,lr,59,0.08064535268264883,2026-08-04T15:25:02.138541Z
75ff1d3217ee41fabd6b257b49bd0f3e,train,lr,60,0.0800210112662942,2026-08-04T15:25:08.661695Z
75ff1d3217ee41fabd6b257b49bd0f3e,train,lr,61,0.07938926261462366,2026-08-04T15:25:15.177170Z
75ff1d3217ee41fabd6b257b49bd0f3e,train,lr,62,0.07875026260216393,2026-08-04T15:25:21.198258Z
75ff1d3217ee41fabd6b257b49bd0f3e,train,lr,63,0.07810416889260655,2026-08-04T15:25:27.689337Z
75ff1d3217ee41fabd6b257b49bd0f3e,train,lr,64,0.0774511408999066,2026-08-04T15:25:34.193818Z
75ff1d3217ee41fabd6b257b49bd0f3e,train,lr,65,0.07679133974894983,2026-08-04T15:25:40.214043Z
75ff1d3217ee41fabd6b257b49bd0f3e,train,lr,66,0.07612492823579745,2026-08-04T15:25:46.706761Z
75ff1d3217ee41fabd6b257b49bd0f3e,train,lr,67,0.07545207078751857,2026-08-04T15:25:53.215108Z
75ff1d3217ee41fabd6b257b49bd0f3e,train,lr,68,0.07477293342162039,2026-08-04T15:25:59.266969Z
75ff1d3217ee41fabd6b257b49bd0f3e,train,lr,69,0.07408768370508577,2026-08-04T15:26:05.767305Z
75ff1d3217ee41fabd6b257b49bd0f3e,train,lr,70,0.07339649071302869,2026-08-04T15:26:11.771204Z
75ff1d3217ee41fabd6b257b49bd0f3e,train,lr,71,0.07269952498697735,2026-08-04T15:26:18.325581Z
75ff1d3217ee41fabd6b257b49bd0f3e,train,lr,72,0.07199695849279576,2026-08-04T15:26:24.841080Z
75ff1d3217ee41fabd6b257b49bd0f3e,train,lr,73,0.07128896457825365,2026-08-04T15:26:30.837003Z
75ff1d3217ee41fabd6b257b49bd0f3e,train,lr,74,0.07057571793025547,2026-08-04T15:26:37.335368Z
75ff1d3217ee41fabd6b257b49bd0f3e,train,lr,75,0.06985739453173904,2026-08-04T15:26:43.330394Z
75ff1d3217ee41fabd6b257b49bd0f3e,train,lr,76,0.06913417161825451,2026-08-04T15:26:49.837555Z
75ff1d3217ee41fabd6b257b49bd0f3e,train,lr,77,0.06840622763423393,2026-08-04T15:26:55.828330Z
75ff1d3217ee41fabd6b257b49bd0f3e,train,lr,78,0.06767374218896288,2026-08-04T15:27:02.331321Z
75ff1d3217ee41fabd6b257b49bd0f3e,train,lr,79,0.0669368960122646,2026-08-04T15:27:08.332879Z
75ff1d3217ee41fabd6b257b49bd0f3e,train,lr,80,0.0661958709099075,2026-08-04T15:27:14.832705Z
75ff1d3217ee41fabd6b257b49bd0f3e,train,lr,81,0.0654508497187474,2026-08-04T15:27:20.893779Z
75ff1d3217ee41fabd6b257b49bd0f3e,train,lr,82,0.06470201626161523,2026-08-04T15:27:27.416440Z
75ff1d3217ee41fabd6b257b49bd0f3e,train,lr,83,0.0639495553019615,2026-08-04T15:27:33.907751Z
75ff1d3217ee41fabd6b257b49bd0f3e,train,lr,84,0.06319365249826867,2026-08-04T15:27:39.920047Z
75ff1d3217ee41fabd6b257b49bd0f3e,train,lr,85,0.062434494358242755,2026-08-04T15:27:46.409353Z
75ff1d3217ee41fabd6b257b49bd0f3e,train,lr,86,0.0616722681927953,2026-08-04T15:27:52.920352Z
75ff1d3217ee41fabd6b257b49bd0f3e,train,lr,87,0.060907162069827166,2026-08-04T15:27:59.410303Z
75ff1d3217ee41fabd6b257b49bd0f3e,train,lr,88,0.060139364767825665,2026-08-04T15:28:05.927510Z
75ff1d3217ee41fabd6b257b49bd0f3e,train,lr,89,0.059369065729286276,2026-08-04T15:28:12.453461Z
75ff1d3217ee41fabd6b257b49bd0f3e,train,lr,90,0.058596455013970504,2026-08-04T15:28:18.980160Z
75ff1d3217ee41fabd6b257b49bd0f3e,train,lr,91,0.05782172325201158,2026-08-04T15:28:24.980544Z
75ff1d3217ee41fabd6b257b49bd0f3e,train,lr,92,0.05704506159687917,2026-08-04T15:28:31.544455Z
75ff1d3217ee41fabd6b257b49bd0f3e,train,lr,93,0.05626666167821525,2026-08-04T15:28:38.051500Z
75ff1d3217ee41fabd6b257b49bd0f3e,train,lr,94,0.05548671555455229,2026-08-04T15:28:44.556188Z
75ff1d3217ee41fabd6b257b49bd0f3e,train,lr,95,0.05470541566592574,2026-08-04T15:28:51.101692Z
75ff1d3217ee41fabd6b257b49bd0f3e,train,lr,96,0.05392295478639227,2026-08-04T15:28:57.610127Z
75ff1d3217ee41fabd6b257b49bd0f3e,train,lr,97,0.05313952597646569,2026-08-04T15:29:04.651894Z
75ff1d3217ee41fabd6b257b49bd0f3e,train,lr,98,0.05235532253548215,2026-08-04T15:29:11.144044Z
75ff1d3217ee41fabd6b257b49bd0f3e,train,lr,99,0.05157053795390643,2026-08-04T15:29:18.191493Z
75ff1d3217ee41fabd6b257b49bd0f3e,train,lr,100,0.05078536586559105,2026-08-04T15:29:25.194030Z
75ff1d3217ee41fabd6b257b49bd0f3e,train,lr,101,0.05000000000000001,2026-08-04T15:29:31.742967Z
75ff1d3217ee41fabd6b257b49bd0f3e,train,lr,102,0.049214634134408984,2026-08-04T15:29:38.785219Z
75ff1d3217ee41fabd6b257b49bd0f3e,train,lr,103,0.048429462046093594,2026-08-04T15:29:45.281810Z
75ff1d3217ee41fabd6b257b49bd0f3e,train,lr,104,0.04764467746451788,2026-08-04T15:29:52.299638Z
75ff1d3217ee41fabd6b257b49bd0f3e,train,lr,105,0.04686047402353434,2026-08-04T15:29:58.827479Z
75ff1d3217ee41fabd6b257b49bd0f3e,train,lr,106,0.04607704521360777,2026-08-04T15:30:05.832083Z
75ff1d3217ee41fabd6b257b49bd0f3e,train,lr,107,0.045294584334074295,2026-08-04T15:30:12.351001Z
75ff1d3217ee41fabd6b257b49bd0f3e,train,lr,108,0.04451328444544775,2026-08-04T15:30:19.365303Z
75ff1d3217ee41fabd6b257b49bd0f3e,train,lr,109,0.043733338321784804,2026-08-04T15:30:25.861788Z
75ff1d3217ee41fabd6b257b49bd0f3e,train,lr,110,0.04295493840312089,2026-08-04T15:30:32.865563Z
75ff1d3217ee41fabd6b257b49bd0f3e,train,lr,111,0.04217827674798847,2026-08-04T15:30:39.390612Z
75ff1d3217ee41fabd6b257b49bd0f3e,train,lr,112,0.04140354498602953,2026-08-04T15:30:46.400819Z
75ff1d3217ee41fabd6b257b49bd0f3e,train,lr,113,0.040630934270713785,2026-08-04T15:30:52.907004Z
75ff1d3217ee41fabd6b257b49bd0f3e,train,lr,114,0.039860635232174396,2026-08-04T15:30:58.905600Z
75ff1d3217ee41fabd6b257b49bd0f3e,train,lr,115,0.0390928379301729,2026-08-04T15:31:05.460864Z
75ff1d3217ee41fabd6b257b49bd0f3e,train,lr,116,0.03832773180720474,2026-08-04T15:31:11.962985Z
75ff1d3217ee41fabd6b257b49bd0f3e,train,lr,117,0.03756550564175727,2026-08-04T15:31:18.470129Z
75ff1d3217ee41fabd6b257b49bd0f3e,train,lr,118,0.03680634750173137,2026-08-04T15:31:24.519677Z
75ff1d3217ee41fabd6b257b49bd0f3e,train,lr,119,0.03605044469803855,2026-08-04T15:31:31.028017Z
75ff1d3217ee41fabd6b257b49bd0f3e,train,lr,120,0.03529798373838482,2026-08-04T15:31:37.538740Z
75ff1d3217ee41fabd6b257b49bd0f3e,train,lr,121,0.034549150281252654,2026-08-04T15:31:43.544554Z
75ff1d3217ee41fabd6b257b49bd0f3e,train,lr,122,0.03380412909009253,2026-08-04T15:31:50.077245Z
75ff1d3217ee41fabd6b257b49bd0f3e,train,lr,123,0.03306310398773544,2026-08-04T15:31:56.581072Z
75ff1d3217ee41fabd6b257b49bd0f3e,train,lr,124,0.03232625781103716,2026-08-04T15:32:02.581410Z
75ff1d3217ee41fabd6b257b49bd0f3e,train,lr,125,0.03159377236576612,2026-08-04T15:32:09.093737Z
75ff1d3217ee41fabd6b257b49bd0f3e,train,lr,126,0.03086582838174553,2026-08-04T15:32:15.116541Z
75ff1d3217ee41fabd6b257b49bd0f3e,train,lr,127,0.030142605468260968,2026-08-04T15:32:21.630884Z
75ff1d3217ee41fabd6b257b49bd0f3e,train,lr,128,0.029424282069744567,2026-08-04T15:32:28.126689Z
75ff1d3217ee41fabd6b257b49bd0f3e,train,lr,129,0.028711035421746373,2026-08-04T15:32:34.630671Z
75ff1d3217ee41fabd6b257b49bd0f3e,train,lr,130,0.028003041507204247,2026-08-04T15:32:40.635688Z
75ff1d3217ee41fabd6b257b49bd0f3e,train,lr,131,0.027300475013022667,2026-08-04T15:32:47.136963Z
75ff1d3217ee41fabd6b257b49bd0f3e,train,lr,132,0.026603509286971343,2026-08-04T15:32:53.644977Z
75ff1d3217ee41fabd6b257b49bd0f3e,train,lr,133,0.025912316294914233,2026-08-04T15:33:00.152125Z
75ff1d3217ee41fabd6b257b49bd0f3e,train,lr,134,0.025227066578379625,2026-08-04T15:33:06.692561Z
75ff1d3217ee41fabd6b257b49bd0f3e,train,lr,135,0.02454792921248144,2026-08-04T15:33:12.691954Z
75ff1d3217ee41fabd6b257b49bd0f3e,train,lr,136,0.023875071764202564,2026-08-04T15:33:19.210298Z
75ff1d3217ee41fabd6b257b49bd0f3e,train,lr,137,0.02320866025105016,2026-08-04T15:33:25.224540Z
75ff1d3217ee41fabd6b257b49bd0f3e,train,lr,138,0.022548859100093407,2026-08-04T15:33:31.731740Z
75ff1d3217ee41fabd6b257b49bd0f3e,train,lr,139,0.021895831107393467,2026-08-04T15:33:38.232439Z
75ff1d3217ee41fabd6b257b49bd0f3e,train,lr,140,0.021249737397836074,2026-08-04T15:33:44.227720Z
75ff1d3217ee41fabd6b257b49bd0f3e,train,lr,141,0.020610737385376353,2026-08-04T15:33:50.735572Z
75ff1d3217ee41fabd6b257b49bd0f3e,train,lr,142,0.019978988733705808,2026-08-04T15:33:57.244428Z
75ff1d3217ee41fabd6b257b49bd0f3e,train,lr,143,0.019354647317351172,2026-08-04T15:34:04.270971Z
75ff1d3217ee41fabd6b257b49bd0f3e,train,lr,144,0.01873786718321474,2026-08-04T15:34:11.332744Z
75ff1d3217ee41fabd6b257b49bd0f3e,train,lr,145,0.01812880051256551,2026-08-04T15:34:17.855716Z
75ff1d3217ee41fabd6b257b49bd0f3e,train,lr,146,0.01752759758349082,2026-08-04T15:34:24.871174Z
75ff1d3217ee41fabd6b257b49bd0f3e,train,lr,147,0.016934406733817412,2026-08-04T15:34:31.899855Z
75ff1d3217ee41fabd6b257b49bd0f3e,train,lr,148,0.016349374324511327,2026-08-04T15:34:38.409939Z
75ff1d3217ee41fabd6b257b49bd0f3e,train,lr,149,0.015772644703565562,2026-08-04T15:34:45.425165Z
75ff1d3217ee41fabd6b257b49bd0f3e,train,lr,150,0.015204360170384283,2026-08-04T15:34:52.466320Z
75ff1d3217ee41fabd6b257b49bd0f3e,train,lr,151,0.014644660940672625,2026-08-04T15:34:58.955719Z
75ff1d3217ee41fabd6b257b49bd0f3e,train,lr,152,0.014093685111840563,2026-08-04T15:35:04.965491Z
75ff1d3217ee41fabd6b257b49bd0f3e,train,lr,153,0.013551568628929431,2026-08-04T15:35:11.469574Z
75ff1d3217ee41fabd6b257b49bd0f3e,train,lr,154,0.013018445251069512,2026-08-04T15:35:17.986334Z
75ff1d3217ee41fabd6b257b49bd0f3e,train,lr,155,0.012494446518477023,2026-08-04T15:35:25.015975Z
75ff1d3217ee41fabd6b257b49bd0f3e,train,lr,156,0.01197970171999845,2026-08-04T15:35:31.552001Z
75ff1d3217ee41fabd6b257b49bd0f3e,train,lr,157,0.01147433786121054,2026-08-04T15:35:38.565783Z
75ff1d3217ee41fabd6b257b49bd0f3e,train,lr,158,0.010978479633083519,2026-08-04T15:35:45.589853Z
75ff1d3217ee41fabd6b257b49bd0f3e,train,lr,159,0.010492249381215478,2026-08-04T15:35:52.067405Z
75ff1d3217ee41fabd6b257b49bd0f3e,train,lr,160,0.010015767075645474,2026-08-04T15:35:58.634464Z
75ff1d3217ee41fabd6b257b49bd0f3e,train,lr,161,0.009549150281252632,2026-08-04T15:36:05.154433Z
75ff1d3217ee41fabd6b257b49bd0f3e,train,lr,162,0.009092514128748834,2026-08-04T15:36:11.197131Z
75ff1d3217ee41fabd6b257b49bd0f3e,train,lr,163,0.008645971286271918,2026-08-04T15:36:17.732070Z
75ff1d3217ee41fabd6b257b49bd0f3e,train,lr,164,0.008209631931586496,2026-08-04T15:36:23.728482Z
75ff1d3217ee41fabd6b257b49bd0f3e,train,lr,165,0.007783603724899255,2026-08-04T15:36:30.721030Z
75ff1d3217ee41fabd6b257b49bd0f3e,train,lr,166,0.0073679917822954,2026-08-04T15:36:36.760836Z
75ff1d3217ee41fabd6b257b49bd0f3e,train,lr,167,0.00696289864980281,2026-08-04T15:36:43.249290Z
75ff1d3217ee41fabd6b257b49bd0f3e,train,lr,168,0.006568424278090432,2026-08-04T15:36:49.266726Z
75ff1d3217ee41fabd6b257b49bd0f3e,train,lr,169,0.006184665997806819,2026-08-04T15:36:55.779617Z
75ff1d3217ee41fabd6b257b49bd0f3e,train,lr,170,0.005811718495565325,2026-08-04T15:37:02.809866Z
75ff1d3217ee41fabd6b257b49bd0f3e,train,lr,171,0.005449673790581609,2026-08-04T15:37:09.315759Z
75ff1d3217ee41fabd6b257b49bd0f3e,train,lr,172,0.005098621211969222,2026-08-04T15:37:16.312734Z
75ff1d3217ee41fabd6b257b49bd0f3e,train,lr,173,0.004758647376699031,2026-08-04T15:37:22.839006Z
75ff1d3217ee41fabd6b257b49bd0f3e,train,lr,174,0.0044298361682277455,2026-08-04T15:37:30.333373Z
75ff1d3217ee41fabd6b257b49bd0f3e,train,lr,175,0.004112268715800953,2026-08-04T15:37:36.880215Z
75ff1d3217ee41fabd6b257b49bd0f3e,train,lr,176,0.003806023374435673,2026-08-04T15:37:44.434890Z
75ff1d3217ee41fabd6b257b49bd0f3e,train,lr,177,0.0035111757055874314,2026-08-04T15:37:52.487224Z
75ff1d3217ee41fabd6b257b49bd0f3e,train,lr,178,0.0032277984585066303,2026-08-04T15:38:00.565100Z
75ff1d3217ee41fabd6b257b49bd0f3e,train,lr,179,0.0029559615522887265,2026-08-04T15:38:08.636704Z
75ff1d3217ee41fabd6b257b49bd0f3e,train,lr,180,0.0026957320586227344,2026-08-04T15:38:16.143199Z
75ff1d3217ee41fabd6b257b49bd0f3e,train,lr,181,0.0024471741852423227,2026-08-04T15:38:22.676991Z
75ff1d3217ee41fabd6b257b49bd0f3e,train,lr,182,0.0022103492600834933,2026-08-04T15:38:29.694028Z
75ff1d3217ee41fabd6b257b49bd0f3e,train,lr,183,0.0019853157161528515,2026-08-04T15:38:36.730560Z
75ff1d3217ee41fabd6b257b49bd0f3e,train,lr,184,0.001772129077110101,2026-08-04T15:38:43.263222Z
75ff1d3217ee41fabd6b257b49bd0f3e,train,lr,185,0.0015708419435684511,2026-08-04T15:38:50.252442Z
75ff1d3217ee41fabd6b257b49bd0f3e,train,lr,186,0.0013815039801161717,2026-08-04T15:38:56.781233Z
75ff1d3217ee41fabd6b257b49bd0f3e,train,lr,187,0.0012041619030626334,2026-08-04T15:39:03.787795Z
75ff1d3217ee41fabd6b257b49bd0f3e,train,lr,188,0.0010388594689117066,2026-08-04T15:39:10.798221Z
75ff1d3217ee41fabd6b257b49bd0f3e,train,lr,189,0.0008856374635655636,2026-08-04T15:39:17.313179Z
75ff1d3217ee41fabd6b257b49bd0f3e,train,lr,190,0.0007445336922613064,2026-08-04T15:39:24.330259Z
75ff1d3217ee41fabd6b257b49bd0f3e,train,lr,191,0.0006155829702431169,2026-08-04T15:39:30.830360Z
75ff1d3217ee41fabd6b257b49bd0f3e,train,lr,192,0.0004988171141721231,2026-08-04T15:39:37.835060Z
75ff1d3217ee41fabd6b257b49bd0f3e,train,lr,193,0.0003942649342761117,2026-08-04T15:39:44.395631Z
75ff1d3217ee41fabd6b257b49bd0f3e,train,lr,194,0.00030195222724102013,2026-08-04T15:39:51.404458Z
75ff1d3217ee41fabd6b257b49bd0f3e,train,lr,195,0.00022190176984600011,2026-08-04T15:39:58.398131Z
75ff1d3217ee41fabd6b257b49bd0f3e,train,lr,196,0.00015413331334360175,2026-08-04T15:40:04.963266Z
75ff1d3217ee41fabd6b257b49bd0f3e,train,lr,197,9.866357858642202e-05,2026-08-04T15:40:11.985859Z
75ff1d3217ee41fabd6b257b49bd0f3e,train,lr,198,5.55062519015048e-05,2026-08-04T15:40:18.554250Z
75ff1d3217ee41fabd6b257b49bd0f3e,train,lr,199,2.467198171341999e-05,2026-08-04T15:40:25.571782Z
75ff1d3217ee41fabd6b257b49bd0f3e,train,lr,200,6.168375916970612e-06,2026-08-04T15:40:32.136460Z
75ff1d3217ee41fabd6b257b49bd0f3e,train,train_loss,1,2.0600933595691497,2026-08-04T15:18:33.713535Z
75ff1d3217ee41fabd6b257b49bd0f3e,train,train_loss,2,1.505653911844239,2026-08-04T15:18:40.685126Z
75ff1d3217ee41fabd6b257b49bd0f3e,train,train_loss,3,1.2522085007194363,2026-08-04T15:18:47.534175Z
75ff1d3217ee41fabd6b257b49bd0f3e,train,train_loss,4,1.0333454491537246,2026-08-04T15:18:54.579142Z
75ff1d3217ee41fabd6b257b49bd0f3e,train,train_loss,5,0.8905214714577131,2026-08-04T15:19:01.715447Z
75ff1d3217ee41fabd6b257b49bd0f3e,train,train_loss,6,0.7785983671007863,2026-08-04T15:19:08.627675Z
75ff1d3217ee41fabd6b257b49bd0f3e,train,train_loss,7,0.6783298539840962,2026-08-04T15:19:15.572584Z
75ff1d3217ee41fabd6b257b49bd0f3e,train,train_loss,8,0.6095745118377763,2026-08-04T15:19:22.327333Z
75ff1d3217ee41fabd6b257b49bd0f3e,train,train_loss,9,0.5656381349277009,2026-08-04T15:19:29.265213Z
75ff1d3217ee41fabd6b257b49bd0f3e,train,train_loss,10,0.5307317052198492,2026-08-04T15:19:36.257419Z
75ff1d3217ee41fabd6b257b49bd0f3e,train,train_loss,11,0.49772795303093503,2026-08-04T15:19:42.912131Z
75ff1d3217ee41fabd6b257b49bd0f3e,train,train_loss,12,0.4829903064328996,2026-08-04T15:19:49.473950Z
75ff1d3217ee41fabd6b257b49bd0f3e,train,train_loss,13,0.4617116320163698,2026-08-04T15:19:56.225232Z
75ff1d3217ee41fabd6b257b49bd0f3e,train,train_loss,14,0.4517153775905404,2026-08-04T15:20:02.631977Z
75ff1d3217ee41fabd6b257b49bd0f3e,train,train_loss,15,0.43282684447515346,2026-08-04T15:20:09.045706Z
75ff1d3217ee41fabd6b257b49bd0f3e,train,train_loss,16,0.41922045253274387,2026-08-04T15:20:15.387290Z
75ff1d3217ee41fabd6b257b49bd0f3e,train,train_loss,17,0.41252332274108894,2026-08-04T15:20:21.780096Z
75ff1d3217ee41fabd6b257b49bd0f3e,train,train_loss,18,0.4030736871158985,2026-08-04T15:20:28.282650Z
75ff1d3217ee41fabd6b257b49bd0f3e,train,train_loss,19,0.39503596075203107,2026-08-04T15:20:34.794136Z
75ff1d3217ee41fabd6b257b49bd0f3e,train,train_loss,20,0.38948083263071603,2026-08-04T15:20:41.240533Z
75ff1d3217ee41fabd6b257b49bd0f3e,train,train_loss,21,0.38222283666091195,2026-08-04T15:20:48.122100Z
75ff1d3217ee41fabd6b257b49bd0f3e,train,train_loss,22,0.3767813597341328,2026-08-04T15:20:54.986934Z
75ff1d3217ee41fabd6b257b49bd0f3e,train,train_loss,23,0.36413594870768545,2026-08-04T15:21:01.874397Z
75ff1d3217ee41fabd6b257b49bd0f3e,train,train_loss,24,0.36152042517119354,2026-08-04T15:21:08.755064Z
75ff1d3217ee41fabd6b257b49bd0f3e,train,train_loss,25,0.3629049271573801,2026-08-04T15:21:15.727766Z
75ff1d3217ee41fabd6b257b49bd0f3e,train,train_loss,26,0.3611697586219939,2026-08-04T15:21:22.462214Z
75ff1d3217ee41fabd6b257b49bd0f3e,train,train_loss,27,0.3506787968489825,2026-08-04T15:21:29.269073Z
75ff1d3217ee41fabd6b257b49bd0f3e,train,train_loss,28,0.34749650844680074,2026-08-04T15:21:36.158289Z
75ff1d3217ee41fabd6b257b49bd0f3e,train,train_loss,29,0.3384963743903143,2026-08-04T15:21:42.953375Z
75ff1d3217ee41fabd6b257b49bd0f3e,train,train_loss,30,0.33316241444834055,2026-08-04T15:21:49.830579Z
75ff1d3217ee41fabd6b257b49bd0f3e,train,train_loss,31,0.33592505627276037,2026-08-04T15:21:56.653200Z
75ff1d3217ee41fabd6b257b49bd0f3e,train,train_loss,32,0.33399445241521997,2026-08-04T15:22:03.550886Z
75ff1d3217ee41fabd6b257b49bd0f3e,train,train_loss,33,0.3266193452850937,2026-08-04T15:22:10.432170Z
75ff1d3217ee41fabd6b257b49bd0f3e,train,train_loss,34,0.32760230815776475,2026-08-04T15:22:17.272368Z
75ff1d3217ee41fabd6b257b49bd0f3e,train,train_loss,35,0.32547654594530534,2026-08-04T15:22:24.027711Z
75ff1d3217ee41fabd6b257b49bd0f3e,train,train_loss,36,0.3176704286919225,2026-08-04T15:22:30.932898Z
75ff1d3217ee41fabd6b257b49bd0f3e,train,train_loss,37,0.31694799532061035,2026-08-04T15:22:37.748074Z
75ff1d3217ee41fabd6b257b49bd0f3e,train,train_loss,38,0.3154897681435051,2026-08-04T15:22:44.559589Z
75ff1d3217ee41fabd6b257b49bd0f3e,train,train_loss,39,0.3106110543012619,2026-08-04T15:22:51.452245Z
75ff1d3217ee41fabd6b257b49bd0f3e,train,train_loss,40,0.3057965260866048,2026-08-04T15:22:58.281057Z
75ff1d3217ee41fabd6b257b49bd0f3e,train,train_loss,41,0.310618374506226,2026-08-04T15:23:05.382476Z
75ff1d3217ee41fabd6b257b49bd0f3e,train,train_loss,42,0.30659109746556146,2026-08-04T15:23:12.182899Z
75ff1d3217ee41fabd6b257b49bd0f3e,train,train_loss,43,0.30262014269828796,2026-08-04T15:23:19.011931Z
75ff1d3217ee41fabd6b257b49bd0f3e,train,train_loss,44,0.30714349509657496,2026-08-04T15:23:25.822753Z
75ff1d3217ee41fabd6b257b49bd0f3e,train,train_loss,45,0.29875311773756275,2026-08-04T15:23:32.671942Z
75ff1d3217ee41fabd6b257b49bd0f3e,train,train_loss,46,0.3006195897412727,2026-08-04T15:23:39.456785Z
75ff1d3217ee41fabd6b257b49bd0f3e,train,train_loss,47,0.2979613280738406,2026-08-04T15:23:45.836920Z
75ff1d3217ee41fabd6b257b49bd0f3e,train,train_loss,48,0.29334284936832955,2026-08-04T15:23:52.196664Z
75ff1d3217ee41fabd6b257b49bd0f3e,train,train_loss,49,0.2890759486219157,2026-08-04T15:23:58.403548Z
75ff1d3217ee41fabd6b257b49bd0f3e,train,train_loss,50,0.2888934928590379,2026-08-04T15:24:04.654606Z
75ff1d3217ee41fabd6b257b49bd0f3e,train,train_loss,51,0.2884107951236808,2026-08-04T15:24:10.962278Z
75ff1d3217ee41fabd6b257b49bd0f3e,train,train_loss,52,0.28624579876356415,2026-08-04T15:24:17.260463Z
75ff1d3217ee41fabd6b257b49bd0f3e,train,train_loss,53,0.28768770793057463,2026-08-04T15:24:23.492738Z
75ff1d3217ee41fabd6b257b49bd0f3e,train,train_loss,54,0.28466222951631714,2026-08-04T15:24:29.820655Z
75ff1d3217ee41fabd6b257b49bd0f3e,train,train_loss,55,0.2781828025074871,2026-08-04T15:24:36.155110Z
75ff1d3217ee41fabd6b257b49bd0f3e,train,train_loss,56,0.27318447292841913,2026-08-04T15:24:42.466226Z
75ff1d3217ee41fabd6b257b49bd0f3e,train,train_loss,57,0.2776260844353215,2026-08-04T15:24:48.769327Z
75ff1d3217ee41fabd6b257b49bd0f3e,train,train_loss,58,0.27256965359001206,2026-08-04T15:24:55.170031Z
75ff1d3217ee41fabd6b257b49bd0f3e,train,train_loss,59,0.278062934632344,2026-08-04T15:25:01.560017Z
75ff1d3217ee41fabd6b257b49bd0f3e,train,train_loss,60,0.2714971253443557,2026-08-04T15:25:07.948692Z
75ff1d3217ee41fabd6b257b49bd0f3e,train,train_loss,61,0.27285935807868344,2026-08-04T15:25:14.314797Z
75ff1d3217ee41fabd6b257b49bd0f3e,train,train_loss,62,0.2695404801069928,2026-08-04T15:25:20.612883Z
75ff1d3217ee41fabd6b257b49bd0f3e,train,train_loss,63,0.26463465009580184,2026-08-04T15:25:26.970170Z
75ff1d3217ee41fabd6b257b49bd0f3e,train,train_loss,64,0.26095288153499596,2026-08-04T15:25:33.246741Z
75ff1d3217ee41fabd6b257b49bd0f3e,train,train_loss,65,0.25800049282095927,2026-08-04T15:25:39.606538Z
75ff1d3217ee41fabd6b257b49bd0f3e,train,train_loss,66,0.2540594101371363,2026-08-04T15:25:45.946541Z
75ff1d3217ee41fabd6b257b49bd0f3e,train,train_loss,67,0.2560703387803129,2026-08-04T15:25:52.238011Z
75ff1d3217ee41fabd6b257b49bd0f3e,train,train_loss,68,0.256802269164711,2026-08-04T15:25:58.547970Z
75ff1d3217ee41fabd6b257b49bd0f3e,train,train_loss,69,0.2534817336389171,2026-08-04T15:26:05.000626Z
75ff1d3217ee41fabd6b257b49bd0f3e,train,train_loss,70,0.25151147577158933,2026-08-04T15:26:11.271996Z
75ff1d3217ee41fabd6b257b49bd0f3e,train,train_loss,71,0.24703059896178867,2026-08-04T15:26:17.750215Z
75ff1d3217ee41fabd6b257b49bd0f3e,train,train_loss,72,0.24564107640853625,2026-08-04T15:26:23.999757Z
75ff1d3217ee41fabd6b257b49bd0f3e,train,train_loss,73,0.24764962688736294,2026-08-04T15:26:30.217292Z
75ff1d3217ee41fabd6b257b49bd0f3e,train,train_loss,74,0.24340694184269746,2026-08-04T15:26:36.474420Z
75ff1d3217ee41fabd6b257b49bd0f3e,train,train_loss,75,0.2409900710596453,2026-08-04T15:26:42.736716Z
75ff1d3217ee41fabd6b257b49bd0f3e,train,train_loss,76,0.23918106643211506,2026-08-04T15:26:48.988272Z
75ff1d3217ee41fabd6b257b49bd0f3e,train,train_loss,77,0.2339914379560429,2026-08-04T15:26:55.252080Z
75ff1d3217ee41fabd6b257b49bd0f3e,train,train_loss,78,0.2345853372455558,2026-08-04T15:27:01.454993Z
75ff1d3217ee41fabd6b257b49bd0f3e,train,train_loss,79,0.22639975414785277,2026-08-04T15:27:07.712639Z
75ff1d3217ee41fabd6b257b49bd0f3e,train,train_loss,80,0.22785092173787333,2026-08-04T15:27:14.027983Z
75ff1d3217ee41fabd6b257b49bd0f3e,train,train_loss,81,0.22637849533573137,2026-08-04T15:27:20.315150Z
75ff1d3217ee41fabd6b257b49bd0f3e,train,train_loss,82,0.22514742391798503,2026-08-04T15:27:26.593692Z
75ff1d3217ee41fabd6b257b49bd0f3e,train,train_loss,83,0.22435633331308585,2026-08-04T15:27:33.022082Z
75ff1d3217ee41fabd6b257b49bd0f3e,train,train_loss,84,0.22015949508265767,2026-08-04T15:27:39.274134Z
75ff1d3217ee41fabd6b257b49bd0f3e,train,train_loss,85,0.21706084998519828,2026-08-04T15:27:45.660694Z
75ff1d3217ee41fabd6b257b49bd0f3e,train,train_loss,86,0.2189858844861045,2026-08-04T15:27:51.973061Z
75ff1d3217ee41fabd6b257b49bd0f3e,train,train_loss,87,0.21486493802207815,2026-08-04T15:27:58.448846Z
75ff1d3217ee41fabd6b257b49bd0f3e,train,train_loss,88,0.21382764267647053,2026-08-04T15:28:05.180255Z
75ff1d3217ee41fabd6b257b49bd0f3e,train,train_loss,89,0.2085713635930015,2026-08-04T15:28:11.598669Z
75ff1d3217ee41fabd6b257b49bd0f3e,train,train_loss,90,0.21117284227057795,2026-08-04T15:28:18.180947Z
75ff1d3217ee41fabd6b257b49bd0f3e,train,train_loss,91,0.20553432336396268,2026-08-04T15:28:24.472554Z
75ff1d3217ee41fabd6b257b49bd0f3e,train,train_loss,92,0.20123165470483662,2026-08-04T15:28:30.804195Z
75ff1d3217ee41fabd6b257b49bd0f3e,train,train_loss,93,0.20013412128171654,2026-08-04T15:28:37.197481Z
75ff1d3217ee41fabd6b257b49bd0f3e,train,train_loss,94,0.19611832906332466,2026-08-04T15:28:43.610540Z
75ff1d3217ee41fabd6b257b49bd0f3e,train,train_loss,95,0.19222566745508357,2026-08-04T15:28:50.196108Z
75ff1d3217ee41fabd6b257b49bd0f3e,train,train_loss,96,0.18741336645906234,2026-08-04T15:28:57.036982Z
75ff1d3217ee41fabd6b257b49bd0f3e,train,train_loss,97,0.189164816304241,2026-08-04T15:29:03.829060Z
75ff1d3217ee41fabd6b257b49bd0f3e,train,train_loss,98,0.19161436167519416,2026-08-04T15:29:10.582642Z
75ff1d3217ee41fabd6b257b49bd0f3e,train,train_loss,99,0.1858248937389125,2026-08-04T15:29:17.330642Z
75ff1d3217ee41fabd6b257b49bd0f3e,train,train_loss,100,0.18451167612581912,2026-08-04T15:29:24.244575Z
75ff1d3217ee41fabd6b257b49bd0f3e,train,train_loss,101,0.1809175579863436,2026-08-04T15:29:31.022281Z
75ff1d3217ee41fabd6b257b49bd0f3e,train,train_loss,102,0.18216211969018592,2026-08-04T15:29:37.783792Z
75ff1d3217ee41fabd6b257b49bd0f3e,train,train_loss,103,0.17455673017693907,2026-08-04T15:29:44.566715Z
75ff1d3217ee41fabd6b257b49bd0f3e,train,train_loss,104,0.17097894963629715,2026-08-04T15:29:51.327858Z
75ff1d3217ee41fabd6b257b49bd0f3e,train,train_loss,105,0.1732913439955248,2026-08-04T15:29:58.085262Z
75ff1d3217ee41fabd6b257b49bd0f3e,train,train_loss,106,0.16496281925102937,2026-08-04T15:30:04.881999Z
75ff1d3217ee41fabd6b257b49bd0f3e,train,train_loss,107,0.16353048737663442,2026-08-04T15:30:11.638055Z
75ff1d3217ee41fabd6b257b49bd0f3e,train,train_loss,108,0.16228644894745647,2026-08-04T15:30:18.486676Z
75ff1d3217ee41fabd6b257b49bd0f3e,train,train_loss,109,0.16264852504138752,2026-08-04T15:30:25.271666Z
75ff1d3217ee41fabd6b257b49bd0f3e,train,train_loss,110,0.15782012955268934,2026-08-04T15:30:31.932164Z
75ff1d3217ee41fabd6b257b49bd0f3e,train,train_loss,111,0.1535921568894173,2026-08-04T15:30:38.823072Z
75ff1d3217ee41fabd6b257b49bd0f3e,train,train_loss,112,0.15269333753934908,2026-08-04T15:30:45.644379Z
75ff1d3217ee41fabd6b257b49bd0f3e,train,train_loss,113,0.1483496069107824,2026-08-04T15:30:52.058387Z
75ff1d3217ee41fabd6b257b49bd0f3e,train,train_loss,114,0.1494253467473075,2026-08-04T15:30:58.403198Z
75ff1d3217ee41fabd6b257b49bd0f3e,train,train_loss,115,0.14143816888561028,2026-08-04T15:31:04.723217Z
75ff1d3217ee41fabd6b257b49bd0f3e,train,train_loss,116,0.13768135156968367,2026-08-04T15:31:11.111989Z
75ff1d3217ee41fabd6b257b49bd0f3e,train,train_loss,117,0.14122397577404366,2026-08-04T15:31:17.495507Z
75ff1d3217ee41fabd6b257b49bd0f3e,train,train_loss,118,0.13248660096236506,2026-08-04T15:31:23.805090Z
75ff1d3217ee41fabd6b257b49bd0f3e,train,train_loss,119,0.1309401600876504,2026-08-04T15:31:30.143245Z
75ff1d3217ee41fabd6b257b49bd0f3e,train,train_loss,120,0.13052080836518645,2026-08-04T15:31:36.689923Z
75ff1d3217ee41fabd6b257b49bd0f3e,train,train_loss,121,0.13131162388455075,2026-08-04T15:31:43.032363Z
75ff1d3217ee41fabd6b257b49bd0f3e,train,train_loss,122,0.12405628785300438,2026-08-04T15:31:49.367674Z
75ff1d3217ee41fabd6b257b49bd0f3e,train,train_loss,123,0.12116814588608645,2026-08-04T15:31:55.643533Z
75ff1d3217ee41fabd6b257b49bd0f3e,train,train_loss,124,0.11542386427293043,2026-08-04T15:32:01.969509Z
75ff1d3217ee41fabd6b257b49bd0f3e,train,train_loss,125,0.11309708366194345,2026-08-04T15:32:08.221613Z
75ff1d3217ee41fabd6b257b49bd0f3e,train,train_loss,126,0.11354993823010598,2026-08-04T15:32:14.613545Z
75ff1d3217ee41fabd6b257b49bd0f3e,train,train_loss,127,0.11332148974737548,2026-08-04T15:32:21.054381Z
75ff1d3217ee41fabd6b257b49bd0f3e,train,train_loss,128,0.10537464717579315,2026-08-04T15:32:27.348431Z
75ff1d3217ee41fabd6b257b49bd0f3e,train,train_loss,129,0.10099258464868263,2026-08-04T15:32:33.727044Z
75ff1d3217ee41fabd6b257b49bd0f3e,train,train_loss,130,0.10529323020364012,2026-08-04T15:32:40.135401Z
75ff1d3217ee41fabd6b257b49bd0f3e,train,train_loss,131,0.09770556273000777,2026-08-04T15:32:46.437704Z
75ff1d3217ee41fabd6b257b49bd0f3e,train,train_loss,132,0.09424667867839032,2026-08-04T15:32:52.893535Z
75ff1d3217ee41fabd6b257b49bd0f3e,train,train_loss,133,0.0920163163524645,2026-08-04T15:32:59.249395Z
75ff1d3217ee41fabd6b257b49bd0f3e,train,train_loss,134,0.08964053980644097,2026-08-04T15:33:05.718804Z
75ff1d3217ee41fabd6b257b49bd0f3e,train,train_loss,135,0.08724242105813282,2026-08-04T15:33:11.987038Z
75ff1d3217ee41fabd6b257b49bd0f3e,train,train_loss,136,0.08523383696594507,2026-08-04T15:33:18.280148Z
75ff1d3217ee41fabd6b257b49bd0f3e,train,train_loss,137,0.07801516753766695,2026-08-04T15:33:24.667045Z
75ff1d3217ee41fabd6b257b49bd0f3e,train,train_loss,138,0.07685555074402058,2026-08-04T15:33:30.990065Z
75ff1d3217ee41fabd6b257b49bd0f3e,train,train_loss,139,0.07442988400035502,2026-08-04T15:33:37.301003Z
75ff1d3217ee41fabd6b257b49bd0f3e,train,train_loss,140,0.07214768919283929,2026-08-04T15:33:43.603006Z
75ff1d3217ee41fabd6b257b49bd0f3e,train,train_loss,141,0.0713921628578011,2026-08-04T15:33:50.103142Z
75ff1d3217ee41fabd6b257b49bd0f3e,train,train_loss,142,0.06944067436067955,2026-08-04T15:33:56.626120Z
75ff1d3217ee41fabd6b257b49bd0f3e,train,train_loss,143,0.06394354190887011,2026-08-04T15:34:03.468637Z
75ff1d3217ee41fabd6b257b49bd0f3e,train,train_loss,144,0.060732429058712616,2026-08-04T15:34:10.341078Z
75ff1d3217ee41fabd6b257b49bd0f3e,train,train_loss,145,0.06014644839774693,2026-08-04T15:34:17.274867Z
75ff1d3217ee41fabd6b257b49bd0f3e,train,train_loss,146,0.06230095783462915,2026-08-04T15:34:23.993390Z
75ff1d3217ee41fabd6b257b49bd0f3e,train,train_loss,147,0.05313105849773073,2026-08-04T15:34:30.949543Z
75ff1d3217ee41fabd6b257b49bd0f3e,train,train_loss,148,0.04716268108438348,2026-08-04T15:34:37.915531Z
75ff1d3217ee41fabd6b257b49bd0f3e,train,train_loss,149,0.04548915619950008,2026-08-04T15:34:44.650952Z
75ff1d3217ee41fabd6b257b49bd0f3e,train,train_loss,150,0.047666628318636314,2026-08-04T15:34:51.540837Z
75ff1d3217ee41fabd6b257b49bd0f3e,train,train_loss,151,0.04612355102615817,2026-08-04T15:34:58.005258Z
75ff1d3217ee41fabd6b257b49bd0f3e,train,train_loss,152,0.038553727431046535,2026-08-04T15:35:04.343379Z
75ff1d3217ee41fabd6b257b49bd0f3e,train,train_loss,153,0.04049141338461881,2026-08-04T15:35:10.603203Z
75ff1d3217ee41fabd6b257b49bd0f3e,train,train_loss,154,0.03366632483270772,2026-08-04T15:35:17.344726Z
75ff1d3217ee41fabd6b257b49bd0f3e,train,train_loss,155,0.031346877100770276,2026-08-04T15:35:24.147540Z
75ff1d3217ee41fabd6b257b49bd0f3e,train,train_loss,156,0.03161228766374271,2026-08-04T15:35:31.046502Z
75ff1d3217ee41fabd6b257b49bd0f3e,train,train_loss,157,0.026709992502866042,2026-08-04T15:35:37.862844Z
75ff1d3217ee41fabd6b257b49bd0f3e,train,train_loss,158,0.024416447152643253,2026-08-04T15:35:44.686001Z
75ff1d3217ee41fabd6b257b49bd0f3e,train,train_loss,159,0.02334308844355061,2026-08-04T15:35:51.510239Z
75ff1d3217ee41fabd6b257b49bd0f3e,train,train_loss,160,0.019034166594066888,2026-08-04T15:35:57.912644Z
75ff1d3217ee41fabd6b257b49bd0f3e,train,train_loss,161,0.018667589287128288,2026-08-04T15:36:04.162326Z
75ff1d3217ee41fabd6b257b49bd0f3e,train,train_loss,162,0.017787598933348112,2026-08-04T15:36:10.473816Z
75ff1d3217ee41fabd6b257b49bd0f3e,train,train_loss,163,0.017001932291576014,2026-08-04T15:36:16.728993Z
75ff1d3217ee41fabd6b257b49bd0f3e,train,train_loss,164,0.0138777271127495,2026-08-04T15:36:23.031088Z
75ff1d3217ee41fabd6b257b49bd0f3e,train,train_loss,165,0.01277547775734397,2026-08-04T15:36:29.763667Z
75ff1d3217ee41fabd6b257b49bd0f3e,train,train_loss,166,0.01076120730189373,2026-08-04T15:36:36.038866Z
75ff1d3217ee41fabd6b257b49bd0f3e,train,train_loss,167,0.007552223654030381,2026-08-04T15:36:42.345170Z
75ff1d3217ee41fabd6b257b49bd0f3e,train,train_loss,168,0.006447361253411569,2026-08-04T15:36:48.698980Z
75ff1d3217ee41fabd6b257b49bd0f3e,train,train_loss,169,0.005294217645902844,2026-08-04T15:36:55.061548Z
75ff1d3217ee41fabd6b257b49bd0f3e,train,train_loss,170,0.0038128960288136894,2026-08-04T15:37:01.813938Z
75ff1d3217ee41fabd6b257b49bd0f3e,train,train_loss,171,0.003293643726388474,2026-08-04T15:37:08.723602Z
75ff1d3217ee41fabd6b257b49bd0f3e,train,train_loss,172,0.0032683712301675772,2026-08-04T15:37:15.568260Z
75ff1d3217ee41fabd6b257b49bd0f3e,train,train_loss,173,0.0028929176384254415,2026-08-04T15:37:22.339587Z
75ff1d3217ee41fabd6b257b49bd0f3e,train,train_loss,174,0.0026502637439728967,2026-08-04T15:37:29.347490Z
75ff1d3217ee41fabd6b257b49bd0f3e,train,train_loss,175,0.0024976613624688344,2026-08-04T15:37:36.168592Z
75ff1d3217ee41fabd6b257b49bd0f3e,train,train_loss,176,0.0026346706306499897,2026-08-04T15:37:43.660623Z
75ff1d3217ee41fabd6b257b49bd0f3e,train,train_loss,177,0.002524107253081296,2026-08-04T15:37:51.784765Z
75ff1d3217ee41fabd6b257b49bd0f3e,train,train_loss,178,0.002085860514336878,2026-08-04T15:37:59.921904Z
75ff1d3217ee41fabd6b257b49bd0f3e,train,train_loss,179,0.002089875303042095,2026-08-04T15:38:07.976562Z
75ff1d3217ee41fabd6b257b49bd0f3e,train,train_loss,180,0.001878340103927895,2026-08-04T15:38:15.166230Z
75ff1d3217ee41fabd6b257b49bd0f3e,train,train_loss,181,0.0020589235978906075,2026-08-04T15:38:21.971474Z
75ff1d3217ee41fabd6b257b49bd0f3e,train,train_loss,182,0.002133134183238077,2026-08-04T15:38:28.912992Z
75ff1d3217ee41fabd6b257b49bd0f3e,train,train_loss,183,0.0019279296025800545,2026-08-04T15:38:35.777607Z
75ff1d3217ee41fabd6b257b49bd0f3e,train,train_loss,184,0.0018100584473084572,2026-08-04T15:38:42.530264Z
75ff1d3217ee41fabd6b257b49bd0f3e,train,train_loss,185,0.0018293038224968155,2026-08-04T15:38:49.262939Z
75ff1d3217ee41fabd6b257b49bd0f3e,train,train_loss,186,0.0018363267003470446,2026-08-04T15:38:56.151259Z
75ff1d3217ee41fabd6b257b49bd0f3e,train,train_loss,187,0.0017458487842756008,2026-08-04T15:39:03.077296Z
75ff1d3217ee41fabd6b257b49bd0f3e,train,train_loss,188,0.0018147628461403767,2026-08-04T15:39:09.894737Z
75ff1d3217ee41fabd6b257b49bd0f3e,train,train_loss,189,0.0017280948465651907,2026-08-04T15:39:16.632475Z
75ff1d3217ee41fabd6b257b49bd0f3e,train,train_loss,190,0.0019404093241866898,2026-08-04T15:39:23.405496Z
75ff1d3217ee41fabd6b257b49bd0f3e,train,train_loss,191,0.001849637383504597,2026-08-04T15:39:30.226256Z
75ff1d3217ee41fabd6b257b49bd0f3e,train,train_loss,192,0.0016839212212173263,2026-08-04T15:39:36.990963Z
75ff1d3217ee41fabd6b257b49bd0f3e,train,train_loss,193,0.0017453217295372424,2026-08-04T15:39:43.783239Z
75ff1d3217ee41fabd6b257b49bd0f3e,train,train_loss,194,0.0017596297698509891,2026-08-04T15:39:50.612157Z
75ff1d3217ee41fabd6b257b49bd0f3e,train,train_loss,195,0.0017440387695703817,2026-08-04T15:39:57.425108Z
75ff1d3217ee41fabd6b257b49bd0f3e,train,train_loss,196,0.0016191282691886586,2026-08-04T15:40:04.245743Z
75ff1d3217ee41fabd6b257b49bd0f3e,train,train_loss,197,0.0016823393034289026,2026-08-04T15:40:11.013105Z
75ff1d3217ee41fabd6b257b49bd0f3e,train,train_loss,198,0.0016485933884930657,2026-08-04T15:40:17.845138Z
75ff1d3217ee41fabd6b257b49bd0f3e,train,train_loss,199,0.0016498350627039133,2026-08-04T15:40:24.677039Z
75ff1d3217ee41fabd6b257b49bd0f3e,train,train_loss,200,0.001668680160332595,2026-08-04T15:40:31.417987Z
75ff1d3217ee41fabd6b257b49bd0f3e,train,val_loss,1,1.5983040511608124,2026-08-04T15:18:34.420467Z
75ff1d3217ee41fabd6b257b49bd0f3e,train,val_loss,2,1.4641659677028656,2026-08-04T15:18:41.421434Z
75ff1d3217ee41fabd6b257b49bd0f3e,train,val_loss,3,1.183101886510849,2026-08-04T15:18:48.456779Z
75ff1d3217ee41fabd6b257b49bd0f3e,train,val_loss,4,1.1283506453037262,2026-08-04T15:18:55.487852Z
75ff1d3217ee41fabd6b257b49bd0f3e,train,val_loss,5,0.9756851494312286,2026-08-04T15:19:02.522195Z
75ff1d3217ee41fabd6b257b49bd0f3e,train,val_loss,6,0.9201074421405793,2026-08-04T15:19:09.560648Z
75ff1d3217ee41fabd6b257b49bd0f3e,train,val_loss,7,0.732036492228508,2026-08-04T15:19:16.547907Z
75ff1d3217ee41fabd6b257b49bd0f3e,train,val_loss,8,0.7113064080476761,2026-08-04T15:19:23.093864Z
75ff1d3217ee41fabd6b257b49bd0f3e,train,val_loss,9,0.6805200338363647,2026-08-04T15:19:30.112531Z
75ff1d3217ee41fabd6b257b49bd0f3e,train,val_loss,10,0.58621486723423,2026-08-04T15:19:37.139723Z
75ff1d3217ee41fabd6b257b49bd0f3e,train,val_loss,11,0.6279270023107528,2026-08-04T15:19:43.647858Z
75ff1d3217ee41fabd6b257b49bd0f3e,train,val_loss,12,0.5705960631370545,2026-08-04T15:19:50.187954Z
75ff1d3217ee41fabd6b257b49bd0f3e,train,val_loss,13,0.6197129845619201,2026-08-04T15:19:57.198133Z
75ff1d3217ee41fabd6b257b49bd0f3e,train,val_loss,14,0.6394439160823822,2026-08-04T15:20:03.209085Z
75ff1d3217ee41fabd6b257b49bd0f3e,train,val_loss,15,0.549911031126976,2026-08-04T15:20:09.757989Z
75ff1d3217ee41fabd6b257b49bd0f3e,train,val_loss,16,0.5920043736696243,2026-08-04T15:20:16.274135Z
75ff1d3217ee41fabd6b257b49bd0f3e,train,val_loss,17,0.6545992404222488,2026-08-04T15:20:22.276723Z
75ff1d3217ee41fabd6b257b49bd0f3e,train,val_loss,18,0.4819425895810127,2026-08-04T15:20:29.272151Z
75ff1d3217ee41fabd6b257b49bd0f3e,train,val_loss,19,0.6321018308401107,2026-08-04T15:20:35.285312Z
75ff1d3217ee41fabd6b257b49bd0f3e,train,val_loss,20,0.5287518158555031,2026-08-04T15:20:41.799602Z
75ff1d3217ee41fabd6b257b49bd0f3e,train,val_loss,21,0.5521437644958496,2026-08-04T15:20:48.830311Z
75ff1d3217ee41fabd6b257b49bd0f3e,train,val_loss,22,0.5018298953771592,2026-08-04T15:20:55.834338Z
75ff1d3217ee41fabd6b257b49bd0f3e,train,val_loss,23,0.4740924507379532,2026-08-04T15:21:02.368659Z
75ff1d3217ee41fabd6b257b49bd0f3e,train,val_loss,24,0.4652433082461357,2026-08-04T15:21:09.469776Z
75ff1d3217ee41fabd6b257b49bd0f3e,train,val_loss,25,0.4969974532723427,2026-08-04T15:21:16.496762Z
75ff1d3217ee41fabd6b257b49bd0f3e,train,val_loss,26,0.4003278210759163,2026-08-04T15:21:23.014206Z
75ff1d3217ee41fabd6b257b49bd0f3e,train,val_loss,27,0.5076714515686035,2026-08-04T15:21:30.042656Z
75ff1d3217ee41fabd6b257b49bd0f3e,train,val_loss,28,0.604841411113739,2026-08-04T15:21:37.067028Z
75ff1d3217ee41fabd6b257b49bd0f3e,train,val_loss,29,0.4277739077806473,2026-08-04T15:21:43.580504Z
75ff1d3217ee41fabd6b257b49bd0f3e,train,val_loss,30,0.45884924978017805,2026-08-04T15:21:50.606903Z
75ff1d3217ee41fabd6b257b49bd0f3e,train,val_loss,31,0.47228366434574126,2026-08-04T15:21:57.626999Z
75ff1d3217ee41fabd6b257b49bd0f3e,train,val_loss,32,0.4814599171280861,2026-08-04T15:22:04.136120Z
75ff1d3217ee41fabd6b257b49bd0f3e,train,val_loss,33,0.4459453418850899,2026-08-04T15:22:11.175367Z
75ff1d3217ee41fabd6b257b49bd0f3e,train,val_loss,34,0.4897663176059723,2026-08-04T15:22:18.175871Z
75ff1d3217ee41fabd6b257b49bd0f3e,train,val_loss,35,0.43624289631843566,2026-08-04T15:22:24.745253Z
75ff1d3217ee41fabd6b257b49bd0f3e,train,val_loss,36,0.5922481536865234,2026-08-04T15:22:31.742826Z
75ff1d3217ee41fabd6b257b49bd0f3e,train,val_loss,37,0.48944409042596815,2026-08-04T15:22:38.248744Z
75ff1d3217ee41fabd6b257b49bd0f3e,train,val_loss,38,0.46835107654333114,2026-08-04T15:22:45.286896Z
75ff1d3217ee41fabd6b257b49bd0f3e,train,val_loss,39,0.7274815917015076,2026-08-04T15:22:52.319554Z
75ff1d3217ee41fabd6b257b49bd0f3e,train,val_loss,40,0.505325335264206,2026-08-04T15:22:58.865973Z
75ff1d3217ee41fabd6b257b49bd0f3e,train,val_loss,41,0.5558779060840606,2026-08-04T15:23:06.358874Z
75ff1d3217ee41fabd6b257b49bd0f3e,train,val_loss,42,0.3865774437785149,2026-08-04T15:23:12.879057Z
75ff1d3217ee41fabd6b257b49bd0f3e,train,val_loss,43,0.4568403005599976,2026-08-04T15:23:19.907418Z
75ff1d3217ee41fabd6b257b49bd0f3e,train,val_loss,44,0.3948075532913208,2026-08-04T15:23:26.426768Z
75ff1d3217ee41fabd6b257b49bd0f3e,train,val_loss,45,0.40131374448537827,2026-08-04T15:23:33.460796Z
75ff1d3217ee41fabd6b257b49bd0f3e,train,val_loss,46,0.41987920850515364,2026-08-04T15:23:40.024468Z
75ff1d3217ee41fabd6b257b49bd0f3e,train,val_loss,47,0.5545192509889603,2026-08-04T15:23:46.549133Z
75ff1d3217ee41fabd6b257b49bd0f3e,train,val_loss,48,0.5327985987067223,2026-08-04T15:23:53.051696Z
75ff1d3217ee41fabd6b257b49bd0f3e,train,val_loss,49,0.4235356092453003,2026-08-04T15:23:59.058620Z
75ff1d3217ee41fabd6b257b49bd0f3e,train,val_loss,50,0.4623401790857315,2026-08-04T15:24:05.557097Z
75ff1d3217ee41fabd6b257b49bd0f3e,train,val_loss,51,0.6757584989070893,2026-08-04T15:24:11.557908Z
75ff1d3217ee41fabd6b257b49bd0f3e,train,val_loss,52,0.5257162511348724,2026-08-04T15:24:18.049806Z
75ff1d3217ee41fabd6b257b49bd0f3e,train,val_loss,53,0.7391564100980759,2026-08-04T15:24:24.064173Z
75ff1d3217ee41fabd6b257b49bd0f3e,train,val_loss,54,0.4619635373353958,2026-08-04T15:24:30.562574Z
75ff1d3217ee41fabd6b257b49bd0f3e,train,val_loss,55,0.510352736711502,2026-08-04T15:24:37.070385Z
75ff1d3217ee41fabd6b257b49bd0f3e,train,val_loss,56,0.40892320722341535,2026-08-04T15:24:43.070405Z
75ff1d3217ee41fabd6b257b49bd0f3e,train,val_loss,57,0.5473614305257797,2026-08-04T15:24:49.577036Z
75ff1d3217ee41fabd6b257b49bd0f3e,train,val_loss,58,0.4101127848029137,2026-08-04T15:24:56.070534Z
75ff1d3217ee41fabd6b257b49bd0f3e,train,val_loss,59,0.40593518018722535,2026-08-04T15:25:02.138541Z
75ff1d3217ee41fabd6b257b49bd0f3e,train,val_loss,60,0.3494675472378731,2026-08-04T15:25:08.661695Z
75ff1d3217ee41fabd6b257b49bd0f3e,train,val_loss,61,0.4744532614946365,2026-08-04T15:25:15.176660Z
75ff1d3217ee41fabd6b257b49bd0f3e,train,val_loss,62,0.3810737282037735,2026-08-04T15:25:21.198258Z
75ff1d3217ee41fabd6b257b49bd0f3e,train,val_loss,63,0.38229804039001464,2026-08-04T15:25:27.689337Z
75ff1d3217ee41fabd6b257b49bd0f3e,train,val_loss,64,0.37207782864570615,2026-08-04T15:25:34.193818Z
75ff1d3217ee41fabd6b257b49bd0f3e,train,val_loss,65,0.36686082035303114,2026-08-04T15:25:40.214043Z
75ff1d3217ee41fabd6b257b49bd0f3e,train,val_loss,66,0.49313005357980727,2026-08-04T15:25:46.705756Z
75ff1d3217ee41fabd6b257b49bd0f3e,train,val_loss,67,0.3738360717892647,2026-08-04T15:25:53.215108Z
75ff1d3217ee41fabd6b257b49bd0f3e,train,val_loss,68,0.3863510236144066,2026-08-04T15:25:59.266969Z
75ff1d3217ee41fabd6b257b49bd0f3e,train,val_loss,69,0.41552248895168303,2026-08-04T15:26:05.767305Z
75ff1d3217ee41fabd6b257b49bd0f3e,train,val_loss,70,0.3742742225527763,2026-08-04T15:26:11.771204Z
75ff1d3217ee41fabd6b257b49bd0f3e,train,val_loss,71,0.4359107092022896,2026-08-04T15:26:18.325581Z
75ff1d3217ee41fabd6b257b49bd0f3e,train,val_loss,72,0.3794029265642166,2026-08-04T15:26:24.841080Z
75ff1d3217ee41fabd6b257b49bd0f3e,train,val_loss,73,0.4196318656206131,2026-08-04T15:26:30.836001Z
75ff1d3217ee41fabd6b257b49bd0f3e,train,val_loss,74,0.35817200839519503,2026-08-04T15:26:37.335368Z
75ff1d3217ee41fabd6b257b49bd0f3e,train,val_loss,75,0.3517466768622398,2026-08-04T15:26:43.330394Z
75ff1d3217ee41fabd6b257b49bd0f3e,train,val_loss,76,0.43734204322099685,2026-08-04T15:26:49.837555Z
75ff1d3217ee41fabd6b257b49bd0f3e,train,val_loss,77,0.3742471352219582,2026-08-04T15:26:55.828330Z
75ff1d3217ee41fabd6b257b49bd0f3e,train,val_loss,78,0.3525805756449699,2026-08-04T15:27:02.331321Z
75ff1d3217ee41fabd6b257b49bd0f3e,train,val_loss,79,0.370860256254673,2026-08-04T15:27:08.332879Z
75ff1d3217ee41fabd6b257b49bd0f3e,train,val_loss,80,0.39028810411691667,2026-08-04T15:27:14.832705Z
75ff1d3217ee41fabd6b257b49bd0f3e,train,val_loss,81,0.3526028096675873,2026-08-04T15:27:20.892779Z
75ff1d3217ee41fabd6b257b49bd0f3e,train,val_loss,82,0.5874076157808303,2026-08-04T15:27:27.416440Z
75ff1d3217ee41fabd6b257b49bd0f3e,train,val_loss,83,0.40262444615364074,2026-08-04T15:27:33.907751Z
75ff1d3217ee41fabd6b257b49bd0f3e,train,val_loss,84,0.3685770720243454,2026-08-04T15:27:39.920047Z
75ff1d3217ee41fabd6b257b49bd0f3e,train,val_loss,85,0.39922841638326645,2026-08-04T15:27:46.409353Z
75ff1d3217ee41fabd6b257b49bd0f3e,train,val_loss,86,0.3074409760534763,2026-08-04T15:27:52.920352Z
75ff1d3217ee41fabd6b257b49bd0f3e,train,val_loss,87,0.3849699661135674,2026-08-04T15:27:59.410303Z
75ff1d3217ee41fabd6b257b49bd0f3e,train,val_loss,88,0.36598016172647474,2026-08-04T15:28:05.927510Z
75ff1d3217ee41fabd6b257b49bd0f3e,train,val_loss,89,0.3465917736291885,2026-08-04T15:28:12.453461Z
75ff1d3217ee41fabd6b257b49bd0f3e,train,val_loss,90,0.4137307479977608,2026-08-04T15:28:18.980160Z
75ff1d3217ee41fabd6b257b49bd0f3e,train,val_loss,91,0.319167959690094,2026-08-04T15:28:24.980544Z
75ff1d3217ee41fabd6b257b49bd0f3e,train,val_loss,92,0.3989722982048988,2026-08-04T15:28:31.544455Z
75ff1d3217ee41fabd6b257b49bd0f3e,train,val_loss,93,0.2937375895678997,2026-08-04T15:28:38.051500Z
75ff1d3217ee41fabd6b257b49bd0f3e,train,val_loss,94,0.3417664647102356,2026-08-04T15:28:44.556188Z
75ff1d3217ee41fabd6b257b49bd0f3e,train,val_loss,95,0.3369686722755432,2026-08-04T15:28:51.101692Z
75ff1d3217ee41fabd6b257b49bd0f3e,train,val_loss,96,0.4398632049560547,2026-08-04T15:28:57.610127Z
75ff1d3217ee41fabd6b257b49bd0f3e,train,val_loss,97,0.35916879326105117,2026-08-04T15:29:04.651894Z
75ff1d3217ee41fabd6b257b49bd0f3e,train,val_loss,98,0.39651781171560285,2026-08-04T15:29:11.144044Z
75ff1d3217ee41fabd6b257b49bd0f3e,train,val_loss,99,0.331540136039257,2026-08-04T15:29:18.191493Z
75ff1d3217ee41fabd6b257b49bd0f3e,train,val_loss,100,0.37275715470314025,2026-08-04T15:29:25.194030Z
75ff1d3217ee41fabd6b257b49bd0f3e,train,val_loss,101,0.39037139117717745,2026-08-04T15:29:31.742967Z
75ff1d3217ee41fabd6b257b49bd0f3e,train,val_loss,102,0.4193963065743446,2026-08-04T15:29:38.785219Z
75ff1d3217ee41fabd6b257b49bd0f3e,train,val_loss,103,0.4162644147872925,2026-08-04T15:29:45.281810Z
75ff1d3217ee41fabd6b257b49bd0f3e,train,val_loss,104,0.41446915715932847,2026-08-04T15:29:52.299638Z
75ff1d3217ee41fabd6b257b49bd0f3e,train,val_loss,105,0.35484070181846616,2026-08-04T15:29:58.827479Z
75ff1d3217ee41fabd6b257b49bd0f3e,train,val_loss,106,0.420632092654705,2026-08-04T15:30:05.832083Z
75ff1d3217ee41fabd6b257b49bd0f3e,train,val_loss,107,0.34131947755813596,2026-08-04T15:30:12.351001Z
75ff1d3217ee41fabd6b257b49bd0f3e,train,val_loss,108,0.3542288810014725,2026-08-04T15:30:19.365303Z
75ff1d3217ee41fabd6b257b49bd0f3e,train,val_loss,109,0.3472712725400925,2026-08-04T15:30:25.861788Z
75ff1d3217ee41fabd6b257b49bd0f3e,train,val_loss,110,0.30852664560079573,2026-08-04T15:30:32.865563Z
75ff1d3217ee41fabd6b257b49bd0f3e,train,val_loss,111,0.42824856787919996,2026-08-04T15:30:39.390612Z
75ff1d3217ee41fabd6b257b49bd0f3e,train,val_loss,112,0.3088387094438076,2026-08-04T15:30:46.400819Z
75ff1d3217ee41fabd6b257b49bd0f3e,train,val_loss,113,0.3596938282251358,2026-08-04T15:30:52.907004Z
75ff1d3217ee41fabd6b257b49bd0f3e,train,val_loss,114,0.3910693183541298,2026-08-04T15:30:58.905600Z
75ff1d3217ee41fabd6b257b49bd0f3e,train,val_loss,115,0.3381873905658722,2026-08-04T15:31:05.460864Z
75ff1d3217ee41fabd6b257b49bd0f3e,train,val_loss,116,0.3366386115550995,2026-08-04T15:31:11.962985Z
75ff1d3217ee41fabd6b257b49bd0f3e,train,val_loss,117,0.29744113981723785,2026-08-04T15:31:18.470129Z
75ff1d3217ee41fabd6b257b49bd0f3e,train,val_loss,118,0.3032203584909439,2026-08-04T15:31:24.519677Z
75ff1d3217ee41fabd6b257b49bd0f3e,train,val_loss,119,0.32275198474526406,2026-08-04T15:31:31.028017Z
75ff1d3217ee41fabd6b257b49bd0f3e,train,val_loss,120,0.3013555780053139,2026-08-04T15:31:37.538740Z
75ff1d3217ee41fabd6b257b49bd0f3e,train,val_loss,121,0.3504653498530388,2026-08-04T15:31:43.544554Z
75ff1d3217ee41fabd6b257b49bd0f3e,train,val_loss,122,0.27904035374522207,2026-08-04T15:31:50.077245Z
75ff1d3217ee41fabd6b257b49bd0f3e,train,val_loss,123,0.267846704274416,2026-08-04T15:31:56.581072Z
75ff1d3217ee41fabd6b257b49bd0f3e,train,val_loss,124,0.2835623063147068,2026-08-04T15:32:02.581410Z
75ff1d3217ee41fabd6b257b49bd0f3e,train,val_loss,125,0.29997690469026567,2026-08-04T15:32:09.093737Z
75ff1d3217ee41fabd6b257b49bd0f3e,train,val_loss,126,0.3298190787434578,2026-08-04T15:32:15.116541Z
75ff1d3217ee41fabd6b257b49bd0f3e,train,val_loss,127,0.2959153696894646,2026-08-04T15:32:21.630884Z
75ff1d3217ee41fabd6b257b49bd0f3e,train,val_loss,128,0.30106245130300524,2026-08-04T15:32:28.126689Z
75ff1d3217ee41fabd6b257b49bd0f3e,train,val_loss,129,0.2601629078388214,2026-08-04T15:32:34.629671Z
75ff1d3217ee41fabd6b257b49bd0f3e,train,val_loss,130,0.2759515203535557,2026-08-04T15:32:40.635688Z
75ff1d3217ee41fabd6b257b49bd0f3e,train,val_loss,131,0.2746919110417366,2026-08-04T15:32:47.136963Z
75ff1d3217ee41fabd6b257b49bd0f3e,train,val_loss,132,0.2692321091890335,2026-08-04T15:32:53.644977Z
75ff1d3217ee41fabd6b257b49bd0f3e,train,val_loss,133,0.23514995649456977,2026-08-04T15:33:00.152125Z
75ff1d3217ee41fabd6b257b49bd0f3e,train,val_loss,134,0.3135299228131771,2026-08-04T15:33:06.692561Z
75ff1d3217ee41fabd6b257b49bd0f3e,train,val_loss,135,0.29311599507927893,2026-08-04T15:33:12.691954Z
75ff1d3217ee41fabd6b257b49bd0f3e,train,val_loss,136,0.27936539575457575,2026-08-04T15:33:19.210298Z
75ff1d3217ee41fabd6b257b49bd0f3e,train,val_loss,137,0.26461010947823527,2026-08-04T15:33:25.224540Z
75ff1d3217ee41fabd6b257b49bd0f3e,train,val_loss,138,0.27996459454298017,2026-08-04T15:33:31.731740Z
75ff1d3217ee41fabd6b257b49bd0f3e,train,val_loss,139,0.282456935942173,2026-08-04T15:33:38.232439Z
75ff1d3217ee41fabd6b257b49bd0f3e,train,val_loss,140,0.27755924835801127,2026-08-04T15:33:44.227720Z
75ff1d3217ee41fabd6b257b49bd0f3e,train,val_loss,141,0.28646897301077845,2026-08-04T15:33:50.735572Z
75ff1d3217ee41fabd6b257b49bd0f3e,train,val_loss,142,0.25781025364995,2026-08-04T15:33:57.244428Z
75ff1d3217ee41fabd6b257b49bd0f3e,train,val_loss,143,0.28159586787223817,2026-08-04T15:34:04.270971Z
75ff1d3217ee41fabd6b257b49bd0f3e,train,val_loss,144,0.25905112475156783,2026-08-04T15:34:11.332744Z
75ff1d3217ee41fabd6b257b49bd0f3e,train,val_loss,145,0.26798335611820223,2026-08-04T15:34:17.855716Z
75ff1d3217ee41fabd6b257b49bd0f3e,train,val_loss,146,0.2582440473139286,2026-08-04T15:34:24.871174Z
75ff1d3217ee41fabd6b257b49bd0f3e,train,val_loss,147,0.2836447089910507,2026-08-04T15:34:31.899855Z
75ff1d3217ee41fabd6b257b49bd0f3e,train,val_loss,148,0.24600615873932838,2026-08-04T15:34:38.409939Z
75ff1d3217ee41fabd6b257b49bd0f3e,train,val_loss,149,0.2645472064614296,2026-08-04T15:34:45.425165Z
75ff1d3217ee41fabd6b257b49bd0f3e,train,val_loss,150,0.2828975528478622,2026-08-04T15:34:52.466320Z
75ff1d3217ee41fabd6b257b49bd0f3e,train,val_loss,151,0.26401068195700644,2026-08-04T15:34:58.955719Z
75ff1d3217ee41fabd6b257b49bd0f3e,train,val_loss,152,0.23565316200256348,2026-08-04T15:35:04.965491Z
75ff1d3217ee41fabd6b257b49bd0f3e,train,val_loss,153,0.2281138516962528,2026-08-04T15:35:11.469574Z
75ff1d3217ee41fabd6b257b49bd0f3e,train,val_loss,154,0.24885417148470879,2026-08-04T15:35:17.986334Z
75ff1d3217ee41fabd6b257b49bd0f3e,train,val_loss,155,0.23165636211633683,2026-08-04T15:35:25.015975Z
75ff1d3217ee41fabd6b257b49bd0f3e,train,val_loss,156,0.22720532566308976,2026-08-04T15:35:31.552001Z
75ff1d3217ee41fabd6b257b49bd0f3e,train,val_loss,157,0.245821276307106,2026-08-04T15:35:38.565783Z
75ff1d3217ee41fabd6b257b49bd0f3e,train,val_loss,158,0.24375089332461358,2026-08-04T15:35:45.589853Z
75ff1d3217ee41fabd6b257b49bd0f3e,train,val_loss,159,0.2304265931248665,2026-08-04T15:35:52.067405Z
75ff1d3217ee41fabd6b257b49bd0f3e,train,val_loss,160,0.24113477990031243,2026-08-04T15:35:58.634464Z
75ff1d3217ee41fabd6b257b49bd0f3e,train,val_loss,161,0.22953040823340415,2026-08-04T15:36:05.154433Z
75ff1d3217ee41fabd6b257b49bd0f3e,train,val_loss,162,0.2194618657231331,2026-08-04T15:36:11.197131Z
75ff1d3217ee41fabd6b257b49bd0f3e,train,val_loss,163,0.23065705150365828,2026-08-04T15:36:17.732070Z
75ff1d3217ee41fabd6b257b49bd0f3e,train,val_loss,164,0.23663700595498086,2026-08-04T15:36:23.728482Z
75ff1d3217ee41fabd6b257b49bd0f3e,train,val_loss,165,0.22205777764320372,2026-08-04T15:36:30.721030Z
75ff1d3217ee41fabd6b257b49bd0f3e,train,val_loss,166,0.22201643139123917,2026-08-04T15:36:36.760836Z
75ff1d3217ee41fabd6b257b49bd0f3e,train,val_loss,167,0.21970019936561586,2026-08-04T15:36:43.249290Z
75ff1d3217ee41fabd6b257b49bd0f3e,train,val_loss,168,0.21242585107684137,2026-08-04T15:36:49.266726Z
75ff1d3217ee41fabd6b257b49bd0f3e,train,val_loss,169,0.19808298125863075,2026-08-04T15:36:55.779617Z
75ff1d3217ee41fabd6b257b49bd0f3e,train,val_loss,170,0.19911981225013733,2026-08-04T15:37:02.809866Z
75ff1d3217ee41fabd6b257b49bd0f3e,train,val_loss,171,0.1890810638666153,2026-08-04T15:37:09.315759Z
75ff1d3217ee41fabd6b257b49bd0f3e,train,val_loss,172,0.18824718594551088,2026-08-04T15:37:16.312734Z
75ff1d3217ee41fabd6b257b49bd0f3e,train,val_loss,173,0.1899080127477646,2026-08-04T15:37:22.839006Z
75ff1d3217ee41fabd6b257b49bd0f3e,train,val_loss,174,0.18175410851836205,2026-08-04T15:37:30.333373Z
75ff1d3217ee41fabd6b257b49bd0f3e,train,val_loss,175,0.179293654859066,2026-08-04T15:37:36.879216Z
75ff1d3217ee41fabd6b257b49bd0f3e,train,val_loss,176,0.18318744599819184,2026-08-04T15:37:44.434890Z
75ff1d3217ee41fabd6b257b49bd0f3e,train,val_loss,177,0.18174751996994018,2026-08-04T15:37:52.487224Z
75ff1d3217ee41fabd6b257b49bd0f3e,train,val_loss,178,0.17991292849183083,2026-08-04T15:38:00.565100Z
75ff1d3217ee41fabd6b257b49bd0f3e,train,val_loss,179,0.17789579778909684,2026-08-04T15:38:08.636704Z
75ff1d3217ee41fabd6b257b49bd0f3e,train,val_loss,180,0.17827092930674554,2026-08-04T15:38:16.143199Z
75ff1d3217ee41fabd6b257b49bd0f3e,train,val_loss,181,0.18044390454888343,2026-08-04T15:38:22.676991Z
75ff1d3217ee41fabd6b257b49bd0f3e,train,val_loss,182,0.1783040538430214,2026-08-04T15:38:29.694028Z
75ff1d3217ee41fabd6b257b49bd0f3e,train,val_loss,183,0.17597015872597693,2026-08-04T15:38:36.730560Z
75ff1d3217ee41fabd6b257b49bd0f3e,train,val_loss,184,0.17626862823963166,2026-08-04T15:38:43.263222Z
75ff1d3217ee41fabd6b257b49bd0f3e,train,val_loss,185,0.17728685066103936,2026-08-04T15:38:50.252442Z
75ff1d3217ee41fabd6b257b49bd0f3e,train,val_loss,186,0.17560278102755547,2026-08-04T15:38:56.781233Z
75ff1d3217ee41fabd6b257b49bd0f3e,train,val_loss,187,0.17392727881669998,2026-08-04T15:39:03.787795Z
75ff1d3217ee41fabd6b257b49bd0f3e,train,val_loss,188,0.17568472921848297,2026-08-04T15:39:10.798221Z
75ff1d3217ee41fabd6b257b49bd0f3e,train,val_loss,189,0.17414599955081939,2026-08-04T15:39:17.313179Z
75ff1d3217ee41fabd6b257b49bd0f3e,train,val_loss,190,0.17346683591604234,2026-08-04T15:39:24.330259Z
75ff1d3217ee41fabd6b257b49bd0f3e,train,val_loss,191,0.17386622354388237,2026-08-04T15:39:30.830360Z
75ff1d3217ee41fabd6b257b49bd0f3e,train,val_loss,192,0.17232806161046027,2026-08-04T15:39:37.835060Z
75ff1d3217ee41fabd6b257b49bd0f3e,train,val_loss,193,0.17340677082538605,2026-08-04T15:39:44.394632Z
75ff1d3217ee41fabd6b257b49bd0f3e,train,val_loss,194,0.1722849477082491,2026-08-04T15:39:51.404458Z
75ff1d3217ee41fabd6b257b49bd0f3e,train,val_loss,195,0.1725466474890709,2026-08-04T15:39:58.398131Z
75ff1d3217ee41fabd6b257b49bd0f3e,train,val_loss,196,0.17286656089127064,2026-08-04T15:40:04.963266Z
75ff1d3217ee41fabd6b257b49bd0f3e,train,val_loss,197,0.1722907919436693,2026-08-04T15:40:11.985859Z
75ff1d3217ee41fabd6b257b49bd0f3e,train,val_loss,198,0.17145310416817666,2026-08-04T15:40:18.554250Z
75ff1d3217ee41fabd6b257b49bd0f3e,train,val_loss,199,0.1722209073603153,2026-08-04T15:40:25.571782Z
75ff1d3217ee41fabd6b257b49bd0f3e,train,val_loss,200,0.17216015011072158,2026-08-04T15:40:32.136460Z
